grant_id,person_id
100000,1544
100000,1309
100001,1080
100001,1314
100002,1474
100002,1462
100003,1338
100003,1192
100004,1326
100004,1355
100005,1397
100005,1291
100005,1235
100005,1083
100005,1308
100006,1433
100006,1006
100007,1211
100007,1194
100007,1071
100007,1298
100007,1030
100008,1494
100008,1451
100009,1184
100009,1003
100010,1233
100010,1253
100011,1485
100011,1138
100012,1086
100012,1021
100013,1227
100013,1509
100014,1315
100014,1518
100015,1271
100015,1077
100016,1287
100016,1143
100017,1159
100017,1269
100017,1530
100017,1527
100018,1203
100018,1392
100019,1127
100019,1097
100020,1401
100020,1244
100021,1312
100021,1221
100022,1508
100022,1327
100023,1237
100023,1262
100024,1550
100024,1297
100025,1012
100025,1431
100025,1518
100025,1155
100025,1065
100026,1292
100026,1585
100027,1101
100027,1533
100028,1411
100028,1269
100029,1106
100029,1472
100030,1422
100030,1001
100031,1594
100031,1526
100032,1586
100032,1598
100033,1189
100033,1395
100034,1283
100034,1236
100035,1112
100035,1570
100036,1217
100036,1056
100037,1034
100037,1487
100038,1514
100038,1148
100039,1420
100039,1606
100040,1049
100040,1043
100041,1014
100041,1548
100042,1134
100042,1154
100043,1141
100043,1152
100044,1018
100044,1050
100045,1486
100045,1263
100046,1481
100046,1060
100047,1409
100047,1362
100048,1415
100048,1470
100048,1133
100048,1419
100049,1305
100049,1479
100050,1360
100050,1046
100051,1229
100051,1281
100051,1231
100052,1467
100053,1407
100053,1178
100053,1528
100054,1025
100054,1363
100055,1317
100055,1531
100056,1125
100056,1307
100057,1301
100057,1020
100058,1118
100058,1437
100059,1024
100059,1324
100060,1506
100060,1248
100061,1119
100061,1216
100062,1498
100062,1455
100063,1084
100063,1209
100063,1269
100064,1496
100064,1182
100065,1473
100065,1388
100066,1565
100066,1110
100067,1225
100067,1246
100068,1354
100068,1176
100069,1529
100069,1241
100070,1202
100070,1464
100071,1222
100071,1442
100071,1483
100071,1038
100071,1478
100072,1558
100072,1057
100072,1197
100073,1429
100074,1051
100074,1136
100075,1373
100075,1414
100076,1541
100076,1238
100077,1536
100077,1519
100078,1219
100078,1505
100079,1210
100079,1535
100080,1580
100080,1160
100081,1441
100081,1137
100082,1228
100082,1597
100083,1510
100083,1578
100084,1408
100084,1366
100085,1319
100085,1324
100085,1039
100085,1469
100085,1031
100086,1128
100086,1610
100087,1427
100087,1220
100088,1348
100088,1035
100089,1019
100089,1316
100090,1393
100090,1425
100091,1600
100091,1071
100092,1398
100092,1359
100093,1553
100093,1140
100094,1260
100094,1241
100094,1569
100094,1470
100095,1296
100095,1334
100096,1609
100097,1613
100098,1530
100098,1321
100098,1402
100098,1426
100099,1105
100099,1370
100100,1559
100100,1204
100101,1055
100101,1419
100101,1070
100101,1479
100102,1068
100102,1173
100103,1081
100103,1611
100104,1214
100104,1340
100105,1201
100105,1492
100106,1371
100106,1500
100106,1367
100107,1396
100107,1561
100108,1026
100108,1099
100109,1448
100109,1220
100109,1500
100110,1503
100110,1511
100111,1571
100111,1254
100112,1424
100112,1065
100113,1504
100113,1488
100114,1443
100114,1264
100115,1546
100115,1489
100116,1074
100116,1399
100117,1226
100117,1476
100118,1311
100119,1410
100119,1270
100119,1155
100120,1120
100120,1157
100121,1379
100121,1405
100122,1423
100122,1378
100123,1444
100123,1347
100124,1265
100124,1539
100125,1230
100125,1421
100126,1294
100126,1595
100127,1284
100127,1483
100128,1121
100128,1021
100129,1449
100129,1061
100130,1537
100130,1564
100131,1323
100131,1116
100132,1555
100132,1365
100133,1322
100133,1278
100134,1240
100134,1008
100135,1361
100135,1095
100136,1129
100136,1156
100137,1351
100137,1261
100138,1288
100138,1291
100139,1094
100139,1542
100140,1612
100140,1493
100141,1255
100141,1306
100142,1330
100142,1438
100143,1447
100143,1188
100144,1000
100144,1258
100145,1352
100145,1367
100145,1209
100146,1557
100146,1209
100147,1458
100147,1562
100148,1560
100148,1093
100149,1063
100149,1406
100150,1357
100150,1146
100151,1041
100151,1133
100152,1259
100152,1249
100153,1523
100153,1145
100154,1532
100154,1502
100155,1468
100155,1258
100155,1181
100155,1358
100155,1488
100155,1235
100156,1247
100156,1267
100157,1131
100157,1453
100158,1381
100158,1178
100159,1075
100159,1036
100160,1331
100160,1027
100161,1139
100161,1095
100162,1604
100162,1164
100163,1190
100163,1576
100164,1520
100164,1175
100165,1132
100165,1031
100166,1567
100166,1527
100167,1199
100167,1212
100168,1457
100168,1328
100169,1587
100169,1070
100170,1575
100170,1332
100171,1512
100171,1257
100172,1403
100172,1135
100173,1114
100173,1058
100174,1016
100174,1452
100175,1223
100175,1507
100176,1386
100176,1436
100177,1268
100177,1479
100177,1535
100177,1181
100178,1364
100178,1385
100179,1195
100179,1358
100180,1103
100180,1089
100181,1563
100181,1522
100182,1581
100182,1313
100183,1582
100183,1573
100184,1333
100184,1517
100185,1088
100185,1461
100186,1590
100186,1115
100187,1482
100187,1289
100188,1412
100188,1179
100189,1122
100189,1418
100190,1022
100190,1300
100191,1186
100191,1579
100192,1525
100192,1528
100193,1091
100193,1007
100194,1599
100194,1110
100195,1274
100195,1566
100196,1059
100196,1235
100197,1245
100197,1513
100198,1183
100198,1583
100199,1490
100199,1078
100200,1432
100200,1413
100201,1096
100201,1299
100202,1310
100202,1356
100203,1543
100203,1394
100204,1456
100204,1588
100205,1568
100205,1277
100206,1090
100206,1213
100207,1161
100207,1484
100208,1434
100208,1524
100209,1515
100209,1171
100210,1501
100210,1252
100211,1102
100211,1602
100212,1044
100212,1263
100212,1116
100212,1592
100212,1066
100212,1475
100213,1549
100213,1207
100214,1028
100214,1037
100215,1350
100215,1471
100216,1130
100216,1187
100217,1239
100217,1603
100218,1273
100218,1252
100218,1262
100218,1220
100219,1205
100219,1500
100220,1053
100220,1224
100221,1009
100221,1165
100222,1100
100222,1280
100223,1593
100223,1054
100224,1033
100224,1521
100225,1463
100225,1293
100226,1124
100226,1345
100227,1368
100227,1153
100228,1380
100228,1158
100229,1142
100229,1104
100230,1383
100230,1039
100231,1377
100231,1215
100232,1286
100232,1163
100233,1534
100233,1596
100233,1477
100233,1542
100233,1461
100234,1376
100234,1236
100234,1522
100234,1011
100234,1467
100235,1341
100235,1585
100236,1329
100236,1356
100236,1060
100237,1117
100237,1435
100238,1087
100238,1569
100239,1279
100239,1470
100240,1266
100240,1167
100241,1446
100241,1177
100242,1123
100242,1369
100243,1272
100243,1113
100244,1343
100244,1005
100245,1375
100245,1382
100246,1032
100246,1384
100247,1499
100247,1400
100248,1243
100248,1497
100249,1540
100249,1108
100250,1591
100250,1232
100251,1047
100251,1538
100252,1304
100252,1282
100253,1391
100253,1524
100253,1293
100253,1388
100254,1445
100254,1418
100254,1492
100254,1234
100254,1300
100255,1556
100255,1048
100256,1079
100256,1181
100257,1069
100257,1015
100258,1353
100258,1174
100259,1062
100259,1064
100260,1052
100260,1107
100261,1417
100261,1038
100262,1459
100262,1390
100263,1608
100263,1002
100264,1082
100264,1478
100265,1256
100265,1285
100266,1339
100266,1029
100267,1073
100267,1010
100268,1337
100268,1185
100269,1169
100269,1469
100270,1042
100270,1495
100271,1067
100271,1208
100272,1465
100272,1475
100273,1387
100273,1308
100274,1276
100274,1589
100275,1552
100275,1166
100276,1574
100276,1198
100277,1584
100277,1416
100278,1466
100278,1144
100279,1172
100279,1224
100279,1416
100280,1126
100280,1030
100281,1109
100281,1011
100282,1162
100282,1017
100283,1577
100283,1431
100284,1607
100284,1477
100285,1004
100285,1334
100285,1390
100285,1020
100285,1165
100286,1111
100286,1085
100287,1572
100287,1335
100288,1440
100288,1092
100289,1149
100289,1150
100290,1218
100290,1023
100291,1480
100291,1374
100292,1336
100292,1168
100293,1250
100293,1442
100294,1151
100294,1193
100295,1554
100295,1596
100296,1491
100296,1367
100297,1318
100297,1428
100298,1430
100298,1083
100299,1450
100299,1439
100300,1349
100300,1066
100301,1170
100301,1320
100302,1191
100302,1460
100303,1303
100303,1234
100304,1325
100304,1592
100305,1614
100305,1453
100305,1460
100305,1173
100305,1538
100306,1389
100306,1200
100307,1040
100307,1045
100308,1196
100308,1194
100309,1251
100309,1551
100310,1547
100310,1527
100310,1573
100310,1241
100311,1147
100311,1295
100312,1076
100312,1419
100313,1516
100313,1342
100314,1275
100314,1098
100315,1302
100315,1454
100316,1601
100316,1605
100317,1242
100317,1545
100318,1180
100318,1372
100319,1206
100319,1290
100320,1346
100320,1404
100321,1344
100321,1298
100322,1072
100322,1013
